{
  "Get Booking By ID" : {
    "transaction" : "Get Booking By ID",
    "sampleCount" : 100,
    "errorCount" : 0,
    "errorPct" : 0.0,
    "meanResTime" : 227.67000000000013,
    "medianResTime" : 224.0,
    "minResTime" : 211.0,
    "maxResTime" : 313.0,
    "pct1ResTime" : 240.0,
    "pct2ResTime" : 269.95,
    "pct3ResTime" : 312.70999999999987,
    "throughput" : 3.5452192718119613,
    "receivedKBytesPerSec" : 3.1570454585741126,
    "sentKBytesPerSec" : 0.6958877672209026
  },
  "Debug Sampler" : {
    "transaction" : "Debug Sampler",
    "sampleCount" : 100,
    "errorCount" : 0,
    "errorPct" : 0.0,
    "meanResTime" : 0.32000000000000006,
    "medianResTime" : 0.0,
    "minResTime" : 0.0,
    "maxResTime" : 3.0,
    "pct1ResTime" : 1.0,
    "pct2ResTime" : 1.0,
    "pct3ResTime" : 3.0,
    "throughput" : 3.571811265492731,
    "receivedKBytesPerSec" : 1.1923361766439262,
    "sentKBytesPerSec" : 0.0
  },
  "Total" : {
    "transaction" : "Total",
    "sampleCount" : 400,
    "errorCount" : 0,
    "errorPct" : 0.0,
    "meanResTime" : 361.9749999999998,
    "medianResTime" : 224.0,
    "minResTime" : 0.0,
    "maxResTime" : 2242.0,
    "pct1ResTime" : 926.0,
    "pct2ResTime" : 948.95,
    "pct3ResTime" : 1834.3300000000015,
    "throughput" : 12.973533990659055,
    "receivedKBytesPerSec" : 9.398305484156072,
    "sentKBytesPerSec" : 2.8601321273352363
  },
  "Create Booking" : {
    "transaction" : "Create Booking",
    "sampleCount" : 100,
    "errorCount" : 0,
    "errorPct" : 0.0,
    "meanResTime" : 231.89,
    "medianResTime" : 224.0,
    "minResTime" : 210.0,
    "maxResTime" : 795.0,
    "pct1ResTime" : 238.8,
    "pct2ResTime" : 248.95,
    "pct3ResTime" : 789.8099999999973,
    "throughput" : 3.544590954203885,
    "receivedKBytesPerSec" : 3.259639072026088,
    "sentKBytesPerSec" : 1.505758852615908
  },
  "Generate Token" : {
    "transaction" : "Generate Token",
    "sampleCount" : 100,
    "errorCount" : 0,
    "errorPct" : 0.0,
    "meanResTime" : 988.02,
    "medianResTime" : 912.5,
    "minResTime" : 854.0,
    "maxResTime" : 2242.0,
    "pct1ResTime" : 1042.1000000000001,
    "pct2ResTime" : 1666.7499999999995,
    "pct3ResTime" : 2241.75,
    "throughput" : 3.291747588794891,
    "receivedKBytesPerSec" : 2.481154745054149,
    "sentKBytesPerSec" : 0.8582974670002304
  }
}