{
  "Get Booking By ID" : {
    "transaction" : "Get Booking By ID",
    "sampleCount" : 100,
    "errorCount" : 0,
    "errorPct" : 0.0,
    "meanResTime" : 249.74999999999997,
    "medianResTime" : 228.5,
    "minResTime" : 212.0,
    "maxResTime" : 998.0,
    "pct1ResTime" : 261.8,
    "pct2ResTime" : 359.8499999999995,
    "pct3ResTime" : 996.3699999999992,
    "throughput" : 3.4745144366074845,
    "receivedKBytesPerSec" : 3.0981539470484,
    "sentKBytesPerSec" : 0.6820091814043988
  },
  "Debug Sampler" : {
    "transaction" : "Debug Sampler",
    "sampleCount" : 100,
    "errorCount" : 0,
    "errorPct" : 0.0,
    "meanResTime" : 0.42,
    "medianResTime" : 0.0,
    "minResTime" : 0.0,
    "maxResTime" : 9.0,
    "pct1ResTime" : 1.0,
    "pct2ResTime" : 1.0,
    "pct3ResTime" : 8.93999999999997,
    "throughput" : 3.5971223021582737,
    "receivedKBytesPerSec" : 1.3593187949640286,
    "sentKBytesPerSec" : 0.0
  },
  "Total" : {
    "transaction" : "Total",
    "sampleCount" : 400,
    "errorCount" : 0,
    "errorPct" : 0.0,
    "meanResTime" : 366.00499999999994,
    "medianResTime" : 227.0,
    "minResTime" : 0.0,
    "maxResTime" : 2376.0,
    "pct1ResTime" : 927.9000000000001,
    "pct2ResTime" : 966.8,
    "pct3ResTime" : 1787.0700000000027,
    "throughput" : 10.668658149521244,
    "receivedKBytesPerSec" : 7.845735370602512,
    "sentKBytesPerSec" : 2.3577317765982984
  },
  "Create Booking" : {
    "transaction" : "Create Booking",
    "sampleCount" : 100,
    "errorCount" : 0,
    "errorPct" : 0.0,
    "meanResTime" : 233.40999999999997,
    "medianResTime" : 226.0,
    "minResTime" : 211.0,
    "maxResTime" : 821.0,
    "pct1ResTime" : 240.8,
    "pct2ResTime" : 248.79999999999995,
    "pct3ResTime" : 815.5599999999972,
    "throughput" : 3.569261519791555,
    "receivedKBytesPerSec" : 3.283441749651997,
    "sentKBytesPerSec" : 1.523907359817254
  },
  "Generate Token" : {
    "transaction" : "Generate Token",
    "sampleCount" : 100,
    "errorCount" : 0,
    "errorPct" : 0.0,
    "meanResTime" : 980.4400000000002,
    "medianResTime" : 914.0,
    "minResTime" : 863.0,
    "maxResTime" : 2376.0,
    "pct1ResTime" : 998.8,
    "pct2ResTime" : 1481.4999999999964,
    "pct3ResTime" : 2376.0,
    "throughput" : 3.304692663582287,
    "receivedKBytesPerSec" : 2.485490333773959,
    "sentKBytesPerSec" : 0.861672794117647
  }
}